log_N,log_k0,log_cooling_rate,log_c_repulsion,Holdout_MAE,NLL
0.6931472,0.09531018, -4.60517,-0.6931472,1.5,10
1.0986123,0.18232156, -3.912023,-0.9162907,1.6,11