log_N,log_k0,log_cooling_rate,log_c_repulsion,Holdout_MAE,NLL
0.6931472,0.09531018, -4.60517,-0.6931472,1.5,10
1.0986123,0.18232156, -3.912023,-0.9162907,1.6,11
1.3862944,0.26236426, -3.218875,-1.0986123,1.7,12
1.6094379,0.33647224, -2.525728,-1.2039728,1.8,13
1.7917595,0.4054651, -1.832581,-1.3862944,1.9,14
